<?xml version="1.0" encoding="utf-8"?>
<ArrayOfReaderModel xmlns:xsi="http://www.w3.org/2001/XMLSchema-instance" xmlns:xsd="http://www.w3.org/2001/XMLSchema">
  <ReaderModel>
    <ip>192.168.25.33</ip>
    <alias>DOIHI</alias>
    <model>CS203</model>
    <power>300</power>
    <ports>
      <boolean>true</boolean>
      <boolean>false</boolean>
      <boolean>false</boolean>
      <boolean>false</boolean>
      <boolean>false</boolean>
      <boolean>false</boolean>
      <boolean>false</boolean>
      <boolean>false</boolean>
      <boolean>false</boolean>
      <boolean>false</boolean>
      <boolean>false</boolean>
      <boolean>false</boolean>
      <boolean>false</boolean>
      <boolean>false</boolean>
      <boolean>false</boolean>
      <boolean>false</boolean>
    </ports>
    <connected>true</connected>
    <started>false</started>
  </ReaderModel>
</ArrayOfReaderModel>